RANK,MODEL,BOX AP,AP50,AP75,APS,APM,APL,EXTRA TRAINING DATA,PAPER,CODE,RESULT,YEAR
1,"Swin-L 
(HTC++, multi scale)",58.7,,,,,,"<ion-icon name=""close"" role=""img"" class=""md hydrated"" aria-label=""close""></ion-icon>",Swin Transformer: Hierarchical Vision Transformer using Shifted Windows,"<ion-icon name=""logo-github"" role=""img"" class=""md hydrated"" aria-label=""logo github""></ion-icon>","<ion-icon name=""enter-outline"" role=""img"" class=""md hydrated"" aria-label=""enter outline""></ion-icon>",2021
2,"Swin-L 
(HTC++, single scale)",57.7,,,,,,"<ion-icon name=""close"" role=""img"" class=""md hydrated"" aria-label=""close""></ion-icon>",Swin Transformer: Hierarchical Vision Transformer using Shifted Windows,"<ion-icon name=""logo-github"" role=""img"" class=""md hydrated"" aria-label=""logo github""></ion-icon>","<ion-icon name=""enter-outline"" role=""img"" class=""md hydrated"" aria-label=""enter outline""></ion-icon>",2021
3,"Cascade Eff-B7 NAS-FPN 
(1280, self-training Copy Paste, single-scale)",57.3,,,,,,"<ion-icon name=""checkmark"" role=""img"" class=""md hydrated"" aria-label=""checkmark""></ion-icon>",Simple Copy-Paste is a Strong Data Augmentation Method for Instance Segmentation,"<ion-icon name=""logo-github"" role=""img"" class=""md hydrated"" aria-label=""logo github""></ion-icon>","<ion-icon name=""enter-outline"" role=""img"" class=""md hydrated"" aria-label=""enter outline""></ion-icon>",2020
4,"CenterNet2 
(Res2Net-101-DCN-BiFPN, self-training, 1560 single-scale)",56.4,74.0,61.6,38.7,59.7,68.6,"<ion-icon name=""checkmark"" role=""img"" class=""md hydrated"" aria-label=""checkmark""></ion-icon>",Probabilistic two-stage detection,"<ion-icon name=""logo-github"" role=""img"" class=""md hydrated"" aria-label=""logo github""></ion-icon>","<ion-icon name=""enter-outline"" role=""img"" class=""md hydrated"" aria-label=""enter outline""></ion-icon>",2021
5,"YOLOv4-P7 
(CSP-P7, multi-scale)",56.0,73.3,61.2,38.9,60.0,68.6,"<ion-icon name=""close"" role=""img"" class=""md hydrated"" aria-label=""close""></ion-icon>",Scaled-YOLOv4: Scaling Cross Stage Partial Network,"<ion-icon name=""logo-github"" role=""img"" class=""md hydrated"" aria-label=""logo github""></ion-icon>","<ion-icon name=""enter-outline"" role=""img"" class=""md hydrated"" aria-label=""enter outline""></ion-icon>",2020
6,"DetectoRS 
(ResNeXt-101-64x4d, multi-scale)",55.7,74.2,61.1,37.7,58.4,68.1,"<ion-icon name=""checkmark"" role=""img"" class=""md hydrated"" aria-label=""checkmark""></ion-icon>",DetectoRS: Detecting Objects with Recursive Feature Pyramid and Switchable Atrous Convolution,"<ion-icon name=""logo-github"" role=""img"" class=""md hydrated"" aria-label=""logo github""></ion-icon>","<ion-icon name=""enter-outline"" role=""img"" class=""md hydrated"" aria-label=""enter outline""></ion-icon>",2020
7,"YOLOv4-P7 
(CSP-P7, single-scale)",55.4,73.4,60.8,38.4,59.4,67.7,"<ion-icon name=""close"" role=""img"" class=""md hydrated"" aria-label=""close""></ion-icon>",Scaled-YOLOv4: Scaling Cross Stage Partial Network,"<ion-icon name=""logo-github"" role=""img"" class=""md hydrated"" aria-label=""logo github""></ion-icon>","<ion-icon name=""enter-outline"" role=""img"" class=""md hydrated"" aria-label=""enter outline""></ion-icon>",2020
8,"CSP-p6 + Mish 
(multi-scale)",55.2,72.9,60.5,37.6,59.0,66.9,"<ion-icon name=""close"" role=""img"" class=""md hydrated"" aria-label=""close""></ion-icon>",Mish: A Self Regularized Non-Monotonic Activation Function,"<ion-icon name=""logo-github"" role=""img"" class=""md hydrated"" aria-label=""logo github""></ion-icon>","<ion-icon name=""enter-outline"" role=""img"" class=""md hydrated"" aria-label=""enter outline""></ion-icon>",2019
9,"DetectoRS 
(ResNeXt-101-32x4d, multi-scale)",54.7,73.5,60.1,37.4,57.3,66.4,"<ion-icon name=""checkmark"" role=""img"" class=""md hydrated"" aria-label=""checkmark""></ion-icon>",DetectoRS: Detecting Objects with Recursive Feature Pyramid and Switchable Atrous Convolution,"<ion-icon name=""logo-github"" role=""img"" class=""md hydrated"" aria-label=""logo github""></ion-icon>","<ion-icon name=""enter-outline"" role=""img"" class=""md hydrated"" aria-label=""enter outline""></ion-icon>",2020
10,"YOLOv4-P6 
(CSP-P6, single-scale)",54.5,72.6,59.8,36.8,58.3,65.9,"<ion-icon name=""close"" role=""img"" class=""md hydrated"" aria-label=""close""></ion-icon>",Scaled-YOLOv4: Scaling Cross Stage Partial Network,"<ion-icon name=""logo-github"" role=""img"" class=""md hydrated"" aria-label=""logo github""></ion-icon>","<ion-icon name=""enter-outline"" role=""img"" class=""md hydrated"" aria-label=""enter outline""></ion-icon>",2020
11,"SpineNet-190 
(1280, with Self-training on OpenImages, single-scale)",54.3,,,,,,"<ion-icon name=""checkmark"" role=""img"" class=""md hydrated"" aria-label=""checkmark""></ion-icon>",Rethinking Pre-training and Self-training,"<ion-icon name=""logo-github"" role=""img"" class=""md hydrated"" aria-label=""logo github""></ion-icon>","<ion-icon name=""enter-outline"" role=""img"" class=""md hydrated"" aria-label=""enter outline""></ion-icon>",2020
12,"UniverseNet-20.08d 
(Res2Net-101, DCN, multi-scale)",54.1,71.6,59.9,35.8,57.2,67.4,"<ion-icon name=""close"" role=""img"" class=""md hydrated"" aria-label=""close""></ion-icon>",USB: Universal-Scale Object Detection Benchmark,"<ion-icon name=""logo-github"" role=""img"" class=""md hydrated"" aria-label=""logo github""></ion-icon>","<ion-icon name=""enter-outline"" role=""img"" class=""md hydrated"" aria-label=""enter outline""></ion-icon>",2021
13,"EfficientDet-D7
(single-scale)",53.7,72.4,58.4,,57.0,66.3,"<ion-icon name=""checkmark"" role=""img"" class=""md hydrated"" aria-label=""checkmark""></ion-icon>",EfficientDet: Scalable and Efficient Object Detection,"<ion-icon name=""logo-github"" role=""img"" class=""md hydrated"" aria-label=""logo github""></ion-icon>","<ion-icon name=""enter-outline"" role=""img"" class=""md hydrated"" aria-label=""enter outline""></ion-icon>",2019
14,"PAA 
(ResNext-152-32x8d + DCN, multi-scale)",53.5,71.6,59.1,36.0,56.3,66.9,"<ion-icon name=""checkmark"" role=""img"" class=""md hydrated"" aria-label=""checkmark""></ion-icon>",Probabilistic Anchor Assignment with IoU Prediction for Object Detection,"<ion-icon name=""logo-github"" role=""img"" class=""md hydrated"" aria-label=""logo github""></ion-icon>","<ion-icon name=""enter-outline"" role=""img"" class=""md hydrated"" aria-label=""enter outline""></ion-icon>",2020
15,"ResNeSt-200 
(multi-scale)",53.3,72.0,58.0,35.1,56.2,66.8,"<ion-icon name=""close"" role=""img"" class=""md hydrated"" aria-label=""close""></ion-icon>",ResNeSt: Split-Attention Networks,"<ion-icon name=""logo-github"" role=""img"" class=""md hydrated"" aria-label=""logo github""></ion-icon>","<ion-icon name=""enter-outline"" role=""img"" class=""md hydrated"" aria-label=""enter outline""></ion-icon>",2020
16,"Cascade Mask R-CNN 
(Triple-ResNeXt152, multi-scale)",53.3,71.9,58.5,35.5,55.8,66.7,"<ion-icon name=""checkmark"" role=""img"" class=""md hydrated"" aria-label=""checkmark""></ion-icon>",CBNet: A Novel Composite Backbone Network Architecture for Object Detection,"<ion-icon name=""logo-github"" role=""img"" class=""md hydrated"" aria-label=""logo github""></ion-icon>","<ion-icon name=""enter-outline"" role=""img"" class=""md hydrated"" aria-label=""enter outline""></ion-icon>",2019
17,"DetectoRS 
(ResNeXt-101-32x4d, single-scale)",53.3,71.6,58.5,33.9,56.5,66.9,"<ion-icon name=""checkmark"" role=""img"" class=""md hydrated"" aria-label=""checkmark""></ion-icon>",DetectoRS: Detecting Objects with Recursive Feature Pyramid and Switchable Atrous Convolution,"<ion-icon name=""logo-github"" role=""img"" class=""md hydrated"" aria-label=""logo github""></ion-icon>","<ion-icon name=""enter-outline"" role=""img"" class=""md hydrated"" aria-label=""enter outline""></ion-icon>",2020
18,"GFLV2 
(Res2Net-101, DCN, multiscale)",53.3,70.9,59.2,35.7,56.1,65.6,"<ion-icon name=""checkmark"" role=""img"" class=""md hydrated"" aria-label=""checkmark""></ion-icon>",Generalized Focal Loss V2: Learning Reliable Localization Quality Estimation for Dense Object Detection,"<ion-icon name=""logo-github"" role=""img"" class=""md hydrated"" aria-label=""logo github""></ion-icon>","<ion-icon name=""enter-outline"" role=""img"" class=""md hydrated"" aria-label=""enter outline""></ion-icon>",2020
19,"RelationNet++ 
(ResNeXt-64x4d-101-DCN)",52.7,,,,,,"<ion-icon name=""close"" role=""img"" class=""md hydrated"" aria-label=""close""></ion-icon>",RelationNet++: Bridging Visual Representations for Object Detection via Transformer Decoder,"<ion-icon name=""logo-github"" role=""img"" class=""md hydrated"" aria-label=""logo github""></ion-icon>","<ion-icon name=""enter-outline"" role=""img"" class=""md hydrated"" aria-label=""enter outline""></ion-icon>",2020
20,"Deformable DETR 
(ResNeXt-101+DCN)",52.3,71.9,58.1,34.4,54.4,65.6,"<ion-icon name=""checkmark"" role=""img"" class=""md hydrated"" aria-label=""checkmark""></ion-icon>",Deformable DETR: Deformable Transformers for End-to-End Object Detection,"<ion-icon name=""logo-github"" role=""img"" class=""md hydrated"" aria-label=""logo github""></ion-icon>","<ion-icon name=""enter-outline"" role=""img"" class=""md hydrated"" aria-label=""enter outline""></ion-icon>",2020
21,"GCNet 
(ResNeXt-101 + DCN + cascade + GC r4)",52.3,70.9,56.9,,,,"<ion-icon name=""close"" role=""img"" class=""md hydrated"" aria-label=""close""></ion-icon>",Global Context Networks,"<ion-icon name=""logo-github"" role=""img"" class=""md hydrated"" aria-label=""logo github""></ion-icon>","<ion-icon name=""enter-outline"" role=""img"" class=""md hydrated"" aria-label=""enter outline""></ion-icon>",2020
22,"RetinaNet 
(SpineNet-190, 1280x1280)",52.1,71.8,56.5,35.4,55,63.6,"<ion-icon name=""checkmark"" role=""img"" class=""md hydrated"" aria-label=""checkmark""></ion-icon>",SpineNet: Learning Scale-Permuted Backbone for Recognition and Localization,"<ion-icon name=""logo-github"" role=""img"" class=""md hydrated"" aria-label=""logo github""></ion-icon>","<ion-icon name=""enter-outline"" role=""img"" class=""md hydrated"" aria-label=""enter outline""></ion-icon>",2019
23,"RepPoints v2 
(ResNeXt-101, DCN, multi-scale)",52.1,70.1,57.5,34.5,54.6,63.6,"<ion-icon name=""close"" role=""img"" class=""md hydrated"" aria-label=""close""></ion-icon>",RepPoints V2: Verification Meets Regression for Object Detection,"<ion-icon name=""logo-github"" role=""img"" class=""md hydrated"" aria-label=""logo github""></ion-icon>","<ion-icon name=""enter-outline"" role=""img"" class=""md hydrated"" aria-label=""enter outline""></ion-icon>",2020
24,"AC-FPN Cascade R-CNN 
(X-152-32x8d-FPN-IN5k, multi scale, only CEM)",51.9,70.4,57,34.2,54.8,64.7,"<ion-icon name=""checkmark"" role=""img"" class=""md hydrated"" aria-label=""checkmark""></ion-icon>",Attention-guided Context Feature Pyramid Network for Object Detection,"<ion-icon name=""logo-github"" role=""img"" class=""md hydrated"" aria-label=""logo github""></ion-icon>","<ion-icon name=""enter-outline"" role=""img"" class=""md hydrated"" aria-label=""enter outline""></ion-icon>",2019
25,"YOLOv4-P5 
(CSP-P5, single-scale)",51.8,70.3,56.6,33.4,55.7,63.4,"<ion-icon name=""close"" role=""img"" class=""md hydrated"" aria-label=""close""></ion-icon>",Scaled-YOLOv4: Scaling Cross Stage Partial Network,"<ion-icon name=""logo-github"" role=""img"" class=""md hydrated"" aria-label=""logo github""></ion-icon>","<ion-icon name=""enter-outline"" role=""img"" class=""md hydrated"" aria-label=""enter outline""></ion-icon>",2020
26,"UniverseNet-20.08d 
(Res2Net-101, DCN, single-scale)",51.3,70.0,55.8,31.7,55.3,64.9,"<ion-icon name=""close"" role=""img"" class=""md hydrated"" aria-label=""close""></ion-icon>",USB: Universal-Scale Object Detection Benchmark,"<ion-icon name=""logo-github"" role=""img"" class=""md hydrated"" aria-label=""logo github""></ion-icon>","<ion-icon name=""enter-outline"" role=""img"" class=""md hydrated"" aria-label=""enter outline""></ion-icon>",2021
27,"TSD
(SENet154-DCN,multi-scale)",51.2,71.9,56.0,33.8,54.8,64.2,"<ion-icon name=""checkmark"" role=""img"" class=""md hydrated"" aria-label=""checkmark""></ion-icon>",Revisiting the Sibling Head in Object Detector,"<ion-icon name=""logo-github"" role=""img"" class=""md hydrated"" aria-label=""logo github""></ion-icon>","<ion-icon name=""enter-outline"" role=""img"" class=""md hydrated"" aria-label=""enter outline""></ion-icon>",2020
28,"RetinaNet 
(SpineNet-143, 1280x1280)",50.7,70.4,54.9,33.6,53.9,62.1,"<ion-icon name=""checkmark"" role=""img"" class=""md hydrated"" aria-label=""checkmark""></ion-icon>",SpineNet: Learning Scale-Permuted Backbone for Recognition and Localization,"<ion-icon name=""logo-github"" role=""img"" class=""md hydrated"" aria-label=""logo github""></ion-icon>","<ion-icon name=""enter-outline"" role=""img"" class=""md hydrated"" aria-label=""enter outline""></ion-icon>",2019
29,"ATSS 
(ResNetXt-64x4d-101+DCN,multi-scale)",50.7,68.9,56.3,33.2,52.9,62.4,"<ion-icon name=""checkmark"" role=""img"" class=""md hydrated"" aria-label=""checkmark""></ion-icon>",Bridging the Gap Between Anchor-based and Anchor-free Detection via Adaptive Training Sample Selection,"<ion-icon name=""logo-github"" role=""img"" class=""md hydrated"" aria-label=""logo github""></ion-icon>","<ion-icon name=""enter-outline"" role=""img"" class=""md hydrated"" aria-label=""enter outline""></ion-icon>",2019
30,"NAS-FPN 
(AmoebaNet-D, learned aug)",50.7,,,34.2,55.5,64.5,"<ion-icon name=""checkmark"" role=""img"" class=""md hydrated"" aria-label=""checkmark""></ion-icon>",Learning Data Augmentation Strategies for Object Detection,"<ion-icon name=""logo-github"" role=""img"" class=""md hydrated"" aria-label=""logo github""></ion-icon>","<ion-icon name=""enter-outline"" role=""img"" class=""md hydrated"" aria-label=""enter outline""></ion-icon>",2019
31,"GFLV2 
(Res2Net-101, DCN)",50.6,69,55.3,31.3,54.3,63.5,"<ion-icon name=""close"" role=""img"" class=""md hydrated"" aria-label=""close""></ion-icon>",Generalized Focal Loss V2: Learning Reliable Localization Quality Estimation for Dense Object Detection,"<ion-icon name=""logo-github"" role=""img"" class=""md hydrated"" aria-label=""logo github""></ion-icon>","<ion-icon name=""enter-outline"" role=""img"" class=""md hydrated"" aria-label=""enter outline""></ion-icon>",2020
32,"aLRP Loss 
(ResNext-101-64x4d, DCN, multiscale test)",50.2,70.3,53.9,32.0,53.1,63.0,"<ion-icon name=""close"" role=""img"" class=""md hydrated"" aria-label=""close""></ion-icon>","A Ranking-based, Balanced Loss Function Unifying Classification and Localisation in Object Detection","<ion-icon name=""logo-github"" role=""img"" class=""md hydrated"" aria-label=""logo github""></ion-icon>","<ion-icon name=""enter-outline"" role=""img"" class=""md hydrated"" aria-label=""enter outline""></ion-icon>",2020
33,"FreeAnchor + SEPC 
(DCN, ResNext-101-64x4d)",50.1,69.8,54.3,31.3,53.3,63.7,"<ion-icon name=""close"" role=""img"" class=""md hydrated"" aria-label=""close""></ion-icon>",Scale-Equalizing Pyramid Convolution for Object Detection,"<ion-icon name=""logo-github"" role=""img"" class=""md hydrated"" aria-label=""logo github""></ion-icon>","<ion-icon name=""enter-outline"" role=""img"" class=""md hydrated"" aria-label=""enter outline""></ion-icon>",2020
34,"D2Det 
(ResNet-101-DCN, multi-scale test)",50.1,69.4,54.9,32.7,52.7,62.1,"<ion-icon name=""close"" role=""img"" class=""md hydrated"" aria-label=""close""></ion-icon>",D2Det: Towards High Quality Object Detection and Instance Segmentation,"<ion-icon name=""logo-github"" role=""img"" class=""md hydrated"" aria-label=""logo github""></ion-icon>","<ion-icon name=""enter-outline"" role=""img"" class=""md hydrated"" aria-label=""enter outline""></ion-icon>",2020
35,"Dynamic R-CNN 
(ResNet-101-DCN, multi-scale)",50.1,68.3,55.6,32.8,53.0,61.2,"<ion-icon name=""close"" role=""img"" class=""md hydrated"" aria-label=""close""></ion-icon>",Dynamic R-CNN: Towards High Quality Object Detection via Dynamic Training,"<ion-icon name=""logo-github"" role=""img"" class=""md hydrated"" aria-label=""logo github""></ion-icon>","<ion-icon name=""enter-outline"" role=""img"" class=""md hydrated"" aria-label=""enter outline""></ion-icon>",2020
36,"TSD
(ResNet-101-Deformable, Image Pyramid)",49.4,69.6,54.4,32.7,52.5,61.0,"<ion-icon name=""close"" role=""img"" class=""md hydrated"" aria-label=""close""></ion-icon>",Revisiting the Sibling Head in Object Detector,"<ion-icon name=""logo-github"" role=""img"" class=""md hydrated"" aria-label=""logo github""></ion-icon>","<ion-icon name=""enter-outline"" role=""img"" class=""md hydrated"" aria-label=""enter outline""></ion-icon>",2020
37,"RepPoints v2 
(ResNeXt-101, DCN)",49.4,68.9,53.4,30.3,52.1,62.3,"<ion-icon name=""close"" role=""img"" class=""md hydrated"" aria-label=""close""></ion-icon>",RepPoints V2: Verification Meets Regression for Object Detection,"<ion-icon name=""logo-github"" role=""img"" class=""md hydrated"" aria-label=""logo github""></ion-icon>","<ion-icon name=""enter-outline"" role=""img"" class=""md hydrated"" aria-label=""enter outline""></ion-icon>",2020
38,"CPNDet 
(Hourglass-104, multi-scale)",49.2,67.3,53.7,31.0,51.9,62.4,"<ion-icon name=""close"" role=""img"" class=""md hydrated"" aria-label=""close""></ion-icon>","Corner Proposal Network for Anchor-free, Two-stage Object Detection","<ion-icon name=""logo-github"" role=""img"" class=""md hydrated"" aria-label=""logo github""></ion-icon>","<ion-icon name=""enter-outline"" role=""img"" class=""md hydrated"" aria-label=""enter outline""></ion-icon>",2020
39,"GFLV2 
(ResNeXt-101, 32x4d, DCN)",49,67.6,53.5,29.7,52.4,61.4,"<ion-icon name=""close"" role=""img"" class=""md hydrated"" aria-label=""close""></ion-icon>",Generalized Focal Loss V2: Learning Reliable Localization Quality Estimation for Dense Object Detection,"<ion-icon name=""logo-github"" role=""img"" class=""md hydrated"" aria-label=""logo github""></ion-icon>","<ion-icon name=""enter-outline"" role=""img"" class=""md hydrated"" aria-label=""enter outline""></ion-icon>",2020
40,"aLRP Loss 
(ResNext-101-64x4d, DCN, single scale)",48.9,69.3,52.5,30.8,51.5,62.1,"<ion-icon name=""close"" role=""img"" class=""md hydrated"" aria-label=""close""></ion-icon>","A Ranking-based, Balanced Loss Function Unifying Classification and Localisation in Object Detection","<ion-icon name=""logo-github"" role=""img"" class=""md hydrated"" aria-label=""logo github""></ion-icon>","<ion-icon name=""enter-outline"" role=""img"" class=""md hydrated"" aria-label=""enter outline""></ion-icon>",2020
41,"UniverseNet-20.08 
(Res2Net-50, DCN, single-scale)",48.8,67.5,53.0,30.1,52.3,61.1,"<ion-icon name=""close"" role=""img"" class=""md hydrated"" aria-label=""close""></ion-icon>",USB: Universal-Scale Object Detection Benchmark,"<ion-icon name=""logo-github"" role=""img"" class=""md hydrated"" aria-label=""logo github""></ion-icon>","<ion-icon name=""enter-outline"" role=""img"" class=""md hydrated"" aria-label=""enter outline""></ion-icon>",2021
42,"RetinaNet 
(SpineNet-96, 1024x1024)",48.6,68.4,52.5,32,52.3,62,"<ion-icon name=""close"" role=""img"" class=""md hydrated"" aria-label=""close""></ion-icon>",SpineNet: Learning Scale-Permuted Backbone for Recognition and Localization,"<ion-icon name=""logo-github"" role=""img"" class=""md hydrated"" aria-label=""logo github""></ion-icon>","<ion-icon name=""enter-outline"" role=""img"" class=""md hydrated"" aria-label=""enter outline""></ion-icon>",2019
43,"TridentNet 
(ResNet-101-Deformable, Image Pyramid)",48.4,69.7,53.5,31.8,51.3,60.3,"<ion-icon name=""close"" role=""img"" class=""md hydrated"" aria-label=""close""></ion-icon>",Scale-Aware Trident Networks for Object Detection,"<ion-icon name=""logo-github"" role=""img"" class=""md hydrated"" aria-label=""logo github""></ion-icon>","<ion-icon name=""enter-outline"" role=""img"" class=""md hydrated"" aria-label=""enter outline""></ion-icon>",2019
44,"GCNet 
(ResNeXt-101 + DCN + cascade + GC r4)",48.4,67.6,52.7,,,,"<ion-icon name=""close"" role=""img"" class=""md hydrated"" aria-label=""close""></ion-icon>",GCNet: Non-local Networks Meet Squeeze-Excitation Networks and Beyond,"<ion-icon name=""logo-github"" role=""img"" class=""md hydrated"" aria-label=""logo github""></ion-icon>","<ion-icon name=""enter-outline"" role=""img"" class=""md hydrated"" aria-label=""enter outline""></ion-icon>",2019
45,"GFLV2 
(ResNet-101-DCN)",48.3,66.5,52.8,28.8,51.9,60.7,"<ion-icon name=""close"" role=""img"" class=""md hydrated"" aria-label=""close""></ion-icon>",Generalized Focal Loss V2: Learning Reliable Localization Quality Estimation for Dense Object Detection,"<ion-icon name=""logo-github"" role=""img"" class=""md hydrated"" aria-label=""logo github""></ion-icon>","<ion-icon name=""enter-outline"" role=""img"" class=""md hydrated"" aria-label=""enter outline""></ion-icon>",2020
46,"GFL 
(X-101-32x4d-DCN, single-scale)",48.2,67.4,52.6,29.2,51.7,60.2,"<ion-icon name=""close"" role=""img"" class=""md hydrated"" aria-label=""close""></ion-icon>",Generalized Focal Loss: Learning Qualified and Distributed Bounding Boxes for Dense Object Detection,"<ion-icon name=""logo-github"" role=""img"" class=""md hydrated"" aria-label=""logo github""></ion-icon>","<ion-icon name=""enter-outline"" role=""img"" class=""md hydrated"" aria-label=""enter outline""></ion-icon>",2020
47,"aLRP Loss 
(ResNext-101-64x4d, single scale)",47.8,68.4,51.1,30.2,50.8,59.1,"<ion-icon name=""close"" role=""img"" class=""md hydrated"" aria-label=""close""></ion-icon>","A Ranking-based, Balanced Loss Function Unifying Classification and Localisation in Object Detection","<ion-icon name=""logo-github"" role=""img"" class=""md hydrated"" aria-label=""logo github""></ion-icon>","<ion-icon name=""enter-outline"" role=""img"" class=""md hydrated"" aria-label=""enter outline""></ion-icon>",2020
48,"MatrixNet Corners 
(ResNet-152, multi-scale)",47.8,66.2,52.3,29.7,50.4,60.7,"<ion-icon name=""close"" role=""img"" class=""md hydrated"" aria-label=""close""></ion-icon>",Matrix Nets: A New Deep Architecture for Object Detection,"<ion-icon name=""logo-github"" role=""img"" class=""md hydrated"" aria-label=""logo github""></ion-icon>","<ion-icon name=""enter-outline"" role=""img"" class=""md hydrated"" aria-label=""enter outline""></ion-icon>",2019
49,"SAPD 
(ResNeXt-101, single-scale)",47.4,67.4,51.1,28.1,50.3,61.5,"<ion-icon name=""close"" role=""img"" class=""md hydrated"" aria-label=""close""></ion-icon>",Soft Anchor-Point Object Detection,"<ion-icon name=""logo-github"" role=""img"" class=""md hydrated"" aria-label=""logo github""></ion-icon>","<ion-icon name=""enter-outline"" role=""img"" class=""md hydrated"" aria-label=""enter outline""></ion-icon>",2019
50,"PANet 
(ResNeXt-101, multi-scale)",47.4,67.2,51.8,30.1,51.7,60.0,"<ion-icon name=""close"" role=""img"" class=""md hydrated"" aria-label=""close""></ion-icon>",Path Aggregation Network for Instance Segmentation,"<ion-icon name=""logo-github"" role=""img"" class=""md hydrated"" aria-label=""logo github""></ion-icon>","<ion-icon name=""enter-outline"" role=""img"" class=""md hydrated"" aria-label=""enter outline""></ion-icon>",2018
51,"HTC 
(HRNetV2p-W48)",47.3,65.9,51.2,28.0,49.7,59.8,"<ion-icon name=""close"" role=""img"" class=""md hydrated"" aria-label=""close""></ion-icon>",Deep High-Resolution Representation Learning for Visual Recognition,"<ion-icon name=""logo-github"" role=""img"" class=""md hydrated"" aria-label=""logo github""></ion-icon>","<ion-icon name=""enter-outline"" role=""img"" class=""md hydrated"" aria-label=""enter outline""></ion-icon>",2019
52,"HTC 
(ResNeXt-101-FPN)",47.1,63.9,44.7,22.8,43.9,54.6,"<ion-icon name=""close"" role=""img"" class=""md hydrated"" aria-label=""close""></ion-icon>",Hybrid Task Cascade for Instance Segmentation,"<ion-icon name=""logo-github"" role=""img"" class=""md hydrated"" aria-label=""logo github""></ion-icon>","<ion-icon name=""enter-outline"" role=""img"" class=""md hydrated"" aria-label=""enter outline""></ion-icon>",2019
53,"CenterNet511 
(Hourglass-104, multi-scale)",47.0,64.5,50.7,28.9,49.9,58.9,"<ion-icon name=""close"" role=""img"" class=""md hydrated"" aria-label=""close""></ion-icon>",CenterNet: Keypoint Triplets for Object Detection,"<ion-icon name=""logo-github"" role=""img"" class=""md hydrated"" aria-label=""logo github""></ion-icon>","<ion-icon name=""enter-outline"" role=""img"" class=""md hydrated"" aria-label=""enter outline""></ion-icon>",2019
54,"MAL 
(ResNeXt101, multi-scale)",47.0,,,,,,"<ion-icon name=""close"" role=""img"" class=""md hydrated"" aria-label=""close""></ion-icon>",Multiple Anchor Learning for Visual Object Detection,"<ion-icon name=""logo-github"" role=""img"" class=""md hydrated"" aria-label=""logo github""></ion-icon>","<ion-icon name=""enter-outline"" role=""img"" class=""md hydrated"" aria-label=""enter outline""></ion-icon>",2019
55,"RetinaNet 
(SpineNet-49, 896x896)",46.7,66.3,50.6,29.1,50.1,61.7,"<ion-icon name=""close"" role=""img"" class=""md hydrated"" aria-label=""close""></ion-icon>",SpineNet: Learning Scale-Permuted Backbone for Recognition and Localization,"<ion-icon name=""logo-github"" role=""img"" class=""md hydrated"" aria-label=""logo github""></ion-icon>","<ion-icon name=""enter-outline"" role=""img"" class=""md hydrated"" aria-label=""enter outline""></ion-icon>",2019
56,"RPDet 
(ResNet-101-DCN, multi-scale)",46.5,67.4,50.9,30.3,49.7,57.1,"<ion-icon name=""close"" role=""img"" class=""md hydrated"" aria-label=""close""></ion-icon>",RepPoints: Point Set Representation for Object Detection,"<ion-icon name=""logo-github"" role=""img"" class=""md hydrated"" aria-label=""logo github""></ion-icon>","<ion-icon name=""enter-outline"" role=""img"" class=""md hydrated"" aria-label=""enter outline""></ion-icon>",2019
57,"HoughNet 
(MS)",46.4,65.1,50.7,29.1,48.5,58.1,"<ion-icon name=""close"" role=""img"" class=""md hydrated"" aria-label=""close""></ion-icon>",HoughNet: Integrating near and long-range evidence for bottom-up object detection,"<ion-icon name=""logo-github"" role=""img"" class=""md hydrated"" aria-label=""logo github""></ion-icon>","<ion-icon name=""enter-outline"" role=""img"" class=""md hydrated"" aria-label=""enter outline""></ion-icon>",2020
58,"PPDet 
(ResNeXt-101-FPN, multiscale)",46.3,64.8,51.6,31.4,49.9,56.4,"<ion-icon name=""close"" role=""img"" class=""md hydrated"" aria-label=""close""></ion-icon>",Reducing Label Noise in Anchor-Free Object Detection,"<ion-icon name=""logo-github"" role=""img"" class=""md hydrated"" aria-label=""logo github""></ion-icon>","<ion-icon name=""enter-outline"" role=""img"" class=""md hydrated"" aria-label=""enter outline""></ion-icon>",2020
59,"GFLV2 
(ResNet-101)",46.2,64.3,50.5,27.8,49.9,57,"<ion-icon name=""close"" role=""img"" class=""md hydrated"" aria-label=""close""></ion-icon>",Generalized Focal Loss V2: Learning Reliable Localization Quality Estimation for Dense Object Detection,"<ion-icon name=""logo-github"" role=""img"" class=""md hydrated"" aria-label=""logo github""></ion-icon>","<ion-icon name=""enter-outline"" role=""img"" class=""md hydrated"" aria-label=""enter outline""></ion-icon>",2020
60,"SNIPER 
(ResNet-101)",46.1,67.0,51.6,29.6,48.9,58.1,"<ion-icon name=""close"" role=""img"" class=""md hydrated"" aria-label=""close""></ion-icon>",SNIPER: Efficient Multi-Scale Training,"<ion-icon name=""logo-github"" role=""img"" class=""md hydrated"" aria-label=""logo github""></ion-icon>","<ion-icon name=""enter-outline"" role=""img"" class=""md hydrated"" aria-label=""enter outline""></ion-icon>",2018
61,"Mask R-CNN 
(HRNetV2p-W48 + cascade)",46.1,64.0,50.3,27.1,48.6,58.3,"<ion-icon name=""close"" role=""img"" class=""md hydrated"" aria-label=""close""></ion-icon>",Deep High-Resolution Representation Learning for Visual Recognition,"<ion-icon name=""logo-github"" role=""img"" class=""md hydrated"" aria-label=""logo github""></ion-icon>","<ion-icon name=""enter-outline"" role=""img"" class=""md hydrated"" aria-label=""enter outline""></ion-icon>",2019
62,"DCNv2 
(ResNet-101, multi-scale)",46.0,67.9,50.8,27.8,49.1,59.5,"<ion-icon name=""close"" role=""img"" class=""md hydrated"" aria-label=""close""></ion-icon>","Deformable ConvNets v2: More Deformable, Better Results","<ion-icon name=""logo-github"" role=""img"" class=""md hydrated"" aria-label=""logo github""></ion-icon>","<ion-icon name=""enter-outline"" role=""img"" class=""md hydrated"" aria-label=""enter outline""></ion-icon>",2018
63,Gaussian-FCOS,46,,,,,,"<ion-icon name=""close"" role=""img"" class=""md hydrated"" aria-label=""close""></ion-icon>",Localization Uncertainty Estimation for Anchor-Free Object Detection,,"<ion-icon name=""enter-outline"" role=""img"" class=""md hydrated"" aria-label=""enter outline""></ion-icon>",2020
64,"Cascade R-CNN-FPN 
(ResNet-101, map-guided)",45.9,64.2,50,26.3,49,58.6,"<ion-icon name=""close"" role=""img"" class=""md hydrated"" aria-label=""close""></ion-icon>",InstaBoost: Boosting Instance Segmentation via Probability Map Guided Copy-Pasting,"<ion-icon name=""logo-github"" role=""img"" class=""md hydrated"" aria-label=""logo github""></ion-icon>","<ion-icon name=""enter-outline"" role=""img"" class=""md hydrated"" aria-label=""enter outline""></ion-icon>",2019
65,"MAL 
(ResNeXt101, single-scale)",45.9,,,,,,"<ion-icon name=""close"" role=""img"" class=""md hydrated"" aria-label=""close""></ion-icon>",Multiple Anchor Learning for Visual Object Detection,"<ion-icon name=""logo-github"" role=""img"" class=""md hydrated"" aria-label=""logo github""></ion-icon>","<ion-icon name=""enter-outline"" role=""img"" class=""md hydrated"" aria-label=""enter outline""></ion-icon>",2019
66,"CenterMask+VoVNetV2-99 
(single-scale)",45.8,64.5,,27.8,48.3,57.6,"<ion-icon name=""close"" role=""img"" class=""md hydrated"" aria-label=""close""></ion-icon>",CenterMask : Real-Time Anchor-Free Instance Segmentation,"<ion-icon name=""logo-github"" role=""img"" class=""md hydrated"" aria-label=""logo github""></ion-icon>","<ion-icon name=""enter-outline"" role=""img"" class=""md hydrated"" aria-label=""enter outline""></ion-icon>",2019
67,"D-RFCN + SNIP 
(DPN-98 with flip, multi-scale)",45.7,67.3,51.1,29.3,48.8,57.1,"<ion-icon name=""close"" role=""img"" class=""md hydrated"" aria-label=""close""></ion-icon>",An Analysis of Scale Invariance in Object Detection - SNIP,,"<ion-icon name=""enter-outline"" role=""img"" class=""md hydrated"" aria-label=""enter outline""></ion-icon>",2017
68,"YOLOv4 
(CD53)",45.5,64.1,49.5,27,49,56.7,"<ion-icon name=""close"" role=""img"" class=""md hydrated"" aria-label=""close""></ion-icon>",Scaled-YOLOv4: Scaling Cross Stage Partial Network,"<ion-icon name=""logo-github"" role=""img"" class=""md hydrated"" aria-label=""logo github""></ion-icon>","<ion-icon name=""enter-outline"" role=""img"" class=""md hydrated"" aria-label=""enter outline""></ion-icon>",2020
69,"PP-YOLO 
(608x608)",45.2,65.2,49.9,26.3,47.8,57.2,"<ion-icon name=""close"" role=""img"" class=""md hydrated"" aria-label=""close""></ion-icon>",PP-YOLO: An Effective and Efficient Implementation of Object Detector,"<ion-icon name=""logo-github"" role=""img"" class=""md hydrated"" aria-label=""logo github""></ion-icon>","<ion-icon name=""enter-outline"" role=""img"" class=""md hydrated"" aria-label=""enter outline""></ion-icon>",2020
70,"AC-FPN Cascade R-CNN
(ResNet-101, single scale)",45,64.4,49,26.9,47.7,56.6,"<ion-icon name=""close"" role=""img"" class=""md hydrated"" aria-label=""close""></ion-icon>",Attention-guided Context Feature Pyramid Network for Object Detection,"<ion-icon name=""logo-github"" role=""img"" class=""md hydrated"" aria-label=""logo github""></ion-icon>","<ion-icon name=""enter-outline"" role=""img"" class=""md hydrated"" aria-label=""enter outline""></ion-icon>",2019
71,"FreeAnchor 
(ResNeXt-101)",44.8,64.3,48.4,27,47.9,56,"<ion-icon name=""close"" role=""img"" class=""md hydrated"" aria-label=""close""></ion-icon>",FreeAnchor: Learning to Match Anchors for Visual Object Detection,"<ion-icon name=""logo-github"" role=""img"" class=""md hydrated"" aria-label=""logo github""></ion-icon>","<ion-icon name=""enter-outline"" role=""img"" class=""md hydrated"" aria-label=""enter outline""></ion-icon>",2019
72,"Cascade R-CNN 
(HRNetV2p-W48)",44.8,63.1,48.6,26.0,47.3,56.3,"<ion-icon name=""close"" role=""img"" class=""md hydrated"" aria-label=""close""></ion-icon>",Deep High-Resolution Representation Learning for Visual Recognition,"<ion-icon name=""logo-github"" role=""img"" class=""md hydrated"" aria-label=""logo github""></ion-icon>","<ion-icon name=""enter-outline"" role=""img"" class=""md hydrated"" aria-label=""enter outline""></ion-icon>",2019
73,"FCOS 
(ResNeXt-64x4d-101-FPN 4 + improvements)",44.7,64.1,48.4,27.6,47.5,55.6,"<ion-icon name=""close"" role=""img"" class=""md hydrated"" aria-label=""close""></ion-icon>",FCOS: Fully Convolutional One-Stage Object Detection,"<ion-icon name=""logo-github"" role=""img"" class=""md hydrated"" aria-label=""logo github""></ion-icon>","<ion-icon name=""enter-outline"" role=""img"" class=""md hydrated"" aria-label=""enter outline""></ion-icon>",2019
74,"CenterMask+VoVNet2-57 
(single-scale)",44.7,63.1,48.6,27.1,,55.9,"<ion-icon name=""close"" role=""img"" class=""md hydrated"" aria-label=""close""></ion-icon>",CenterMask : Real-Time Anchor-Free Instance Segmentation,"<ion-icon name=""logo-github"" role=""img"" class=""md hydrated"" aria-label=""logo github""></ion-icon>","<ion-icon name=""enter-outline"" role=""img"" class=""md hydrated"" aria-label=""enter outline""></ion-icon>",2019
75,"Mask R-CNN 
(HRNetV2p-W32 + cascade)",44.7,62.5,48.6,25.8,47.1,56.3,"<ion-icon name=""close"" role=""img"" class=""md hydrated"" aria-label=""close""></ion-icon>",Deep High-Resolution Representation Learning for Visual Recognition,"<ion-icon name=""logo-github"" role=""img"" class=""md hydrated"" aria-label=""logo github""></ion-icon>","<ion-icon name=""enter-outline"" role=""img"" class=""md hydrated"" aria-label=""enter outline""></ion-icon>",2019
76,"FSAF 
(ResNeXt-101, multi-scale)",44.6,65.2,48.6,29.7,47.1,54.6,"<ion-icon name=""close"" role=""img"" class=""md hydrated"" aria-label=""close""></ion-icon>",Feature Selective Anchor-Free Module for Single-Shot Object Detection,"<ion-icon name=""logo-github"" role=""img"" class=""md hydrated"" aria-label=""logo github""></ion-icon>","<ion-icon name=""enter-outline"" role=""img"" class=""md hydrated"" aria-label=""enter outline""></ion-icon>",2019
77,"aLRP Loss 
(ResNext-101, DCN, 500 scale)",44.6,65.0,47.5,24.6,48.1,58.3,"<ion-icon name=""close"" role=""img"" class=""md hydrated"" aria-label=""close""></ion-icon>","A Ranking-based, Balanced Loss Function Unifying Classification and Localisation in Object Detection","<ion-icon name=""logo-github"" role=""img"" class=""md hydrated"" aria-label=""logo github""></ion-icon>","<ion-icon name=""enter-outline"" role=""img"" class=""md hydrated"" aria-label=""enter outline""></ion-icon>",2020
78,"CenterMask + X-101-32x8d 
(single-scale)",44.6,63.4,48.4,,47.2,,"<ion-icon name=""close"" role=""img"" class=""md hydrated"" aria-label=""close""></ion-icon>",CenterMask : Real-Time Anchor-Free Instance Segmentation,"<ion-icon name=""logo-github"" role=""img"" class=""md hydrated"" aria-label=""logo github""></ion-icon>","<ion-icon name=""enter-outline"" role=""img"" class=""md hydrated"" aria-label=""enter outline""></ion-icon>",2019
79,"RetinaNet 
(SpineNet-49, 640x640)",44.3,63.8,47.6,25.9,47.7,61.1,"<ion-icon name=""close"" role=""img"" class=""md hydrated"" aria-label=""close""></ion-icon>",SpineNet: Learning Scale-Permuted Backbone for Recognition and Localization,"<ion-icon name=""logo-github"" role=""img"" class=""md hydrated"" aria-label=""logo github""></ion-icon>","<ion-icon name=""enter-outline"" role=""img"" class=""md hydrated"" aria-label=""enter outline""></ion-icon>",2019
80,YOLOF-DC5,44.3,62.9,47.5,24.0,48.5,60.4,"<ion-icon name=""close"" role=""img"" class=""md hydrated"" aria-label=""close""></ion-icon>",You Only Look One-level Feature,"<ion-icon name=""logo-github"" role=""img"" class=""md hydrated"" aria-label=""logo github""></ion-icon>","<ion-icon name=""enter-outline"" role=""img"" class=""md hydrated"" aria-label=""enter outline""></ion-icon>",2021
81,"GFLV2 
(ResNet-50)",44.3,62.3,48.5,26.8,47.7,54.1,"<ion-icon name=""close"" role=""img"" class=""md hydrated"" aria-label=""close""></ion-icon>",Generalized Focal Loss V2: Learning Reliable Localization Quality Estimation for Dense Object Detection,"<ion-icon name=""logo-github"" role=""img"" class=""md hydrated"" aria-label=""logo github""></ion-icon>","<ion-icon name=""enter-outline"" role=""img"" class=""md hydrated"" aria-label=""enter outline""></ion-icon>",2020
82,"InterNet 
(ResNet-101-FPN, multi-scale)",44.2,67.5,51.1,27.2,50.3,57.7,"<ion-icon name=""close"" role=""img"" class=""md hydrated"" aria-label=""close""></ion-icon>",Feature Intertwiner for Object Detection,"<ion-icon name=""logo-github"" role=""img"" class=""md hydrated"" aria-label=""logo github""></ion-icon>","<ion-icon name=""enter-outline"" role=""img"" class=""md hydrated"" aria-label=""enter outline""></ion-icon>",2019
83,"M2Det 
(VGG-16, multi-scale)",44.2,64.6,49.3,29.2,47.9,55.1,"<ion-icon name=""close"" role=""img"" class=""md hydrated"" aria-label=""close""></ion-icon>",M2Det: A Single-Shot Object Detector based on Multi-Level Feature Pyramid Network,"<ion-icon name=""logo-github"" role=""img"" class=""md hydrated"" aria-label=""logo github""></ion-icon>","<ion-icon name=""enter-outline"" role=""img"" class=""md hydrated"" aria-label=""enter outline""></ion-icon>",2018
84,"Faster R-CNN 
(LIP-ResNet-101-MD w FPN)",43.9,65.7,48.1,25.4,46.7,56.3,"<ion-icon name=""close"" role=""img"" class=""md hydrated"" aria-label=""close""></ion-icon>",LIP: Local Importance-based Pooling,"<ion-icon name=""logo-github"" role=""img"" class=""md hydrated"" aria-label=""logo github""></ion-icon>","<ion-icon name=""enter-outline"" role=""img"" class=""md hydrated"" aria-label=""enter outline""></ion-icon>",2019
85,"M2Det 
(ResNet-101, multi-scale)",43.9,64.4,48,29.6,49.6,54.3,"<ion-icon name=""close"" role=""img"" class=""md hydrated"" aria-label=""close""></ion-icon>",M2Det: A Single-Shot Object Detector based on Multi-Level Feature Pyramid Network,"<ion-icon name=""logo-github"" role=""img"" class=""md hydrated"" aria-label=""logo github""></ion-icon>","<ion-icon name=""enter-outline"" role=""img"" class=""md hydrated"" aria-label=""enter outline""></ion-icon>",2018
86,"YOLOv3 @800 + ASFF* 
(Darknet-53)",43.9,64.1,49.2,27.0,46.6,53.4,"<ion-icon name=""close"" role=""img"" class=""md hydrated"" aria-label=""close""></ion-icon>",Learning Spatial Fusion for Single-Shot Object Detection,"<ion-icon name=""logo-github"" role=""img"" class=""md hydrated"" aria-label=""logo github""></ion-icon>","<ion-icon name=""enter-outline"" role=""img"" class=""md hydrated"" aria-label=""enter outline""></ion-icon>",2019
87,"FoveaBox 
(ResNeXt-101)",43.9,63.5,47.7,26.8,46.9,55.6,"<ion-icon name=""close"" role=""img"" class=""md hydrated"" aria-label=""close""></ion-icon>",FoveaBox: Beyond Anchor-based Object Detector,"<ion-icon name=""logo-github"" role=""img"" class=""md hydrated"" aria-label=""logo github""></ion-icon>","<ion-icon name=""enter-outline"" role=""img"" class=""md hydrated"" aria-label=""enter outline""></ion-icon>",2019
88,"ExtremeNet 
(Hourglass-104, multi-scale)",43.7,60.5,47.0,24.1,46.9,57.6,"<ion-icon name=""close"" role=""img"" class=""md hydrated"" aria-label=""close""></ion-icon>",Bottom-up Object Detection by Grouping Extreme and Center Points,"<ion-icon name=""logo-github"" role=""img"" class=""md hydrated"" aria-label=""logo github""></ion-icon>","<ion-icon name=""enter-outline"" role=""img"" class=""md hydrated"" aria-label=""enter outline""></ion-icon>",2019
89,YOLOv4-608,43.5,65.7,47.3,26.7,46.7,53.3,"<ion-icon name=""close"" role=""img"" class=""md hydrated"" aria-label=""close""></ion-icon>",YOLOv4: Optimal Speed and Accuracy of Object Detection,"<ion-icon name=""logo-github"" role=""img"" class=""md hydrated"" aria-label=""logo github""></ion-icon>","<ion-icon name=""enter-outline"" role=""img"" class=""md hydrated"" aria-label=""enter outline""></ion-icon>",2020
90,"SNIPER 
(ResNet-50)",43.5,65.0,48.6,26.1,46.3,56.0,"<ion-icon name=""close"" role=""img"" class=""md hydrated"" aria-label=""close""></ion-icon>",SNIPER: Efficient Multi-Scale Training,"<ion-icon name=""logo-github"" role=""img"" class=""md hydrated"" aria-label=""logo github""></ion-icon>","<ion-icon name=""enter-outline"" role=""img"" class=""md hydrated"" aria-label=""enter outline""></ion-icon>",2018
91,"CenterNet 
(HRNetV2-W48)",43.5,62.1,46.5,22.2,46.5,57.8,"<ion-icon name=""close"" role=""img"" class=""md hydrated"" aria-label=""close""></ion-icon>",Deep High-Resolution Representation Learning for Visual Recognition,"<ion-icon name=""logo-github"" role=""img"" class=""md hydrated"" aria-label=""logo github""></ion-icon>","<ion-icon name=""enter-outline"" role=""img"" class=""md hydrated"" aria-label=""enter outline""></ion-icon>",2019
92,"D-RFCN + SNIP 
(ResNet-101, multi-scale)",43.4,65.5,48.4,27.2,46.5,54.9,"<ion-icon name=""close"" role=""img"" class=""md hydrated"" aria-label=""close""></ion-icon>",An Analysis of Scale Invariance in Object Detection - SNIP,,"<ion-icon name=""enter-outline"" role=""img"" class=""md hydrated"" aria-label=""enter outline""></ion-icon>",2017
93,"Grid R-CNN 
(ResNeXt-101-FPN)",43.2,63.0,46.6,25.1,46.5,55.2,"<ion-icon name=""close"" role=""img"" class=""md hydrated"" aria-label=""close""></ion-icon>",Grid R-CNN,"<ion-icon name=""logo-github"" role=""img"" class=""md hydrated"" aria-label=""logo github""></ion-icon>","<ion-icon name=""enter-outline"" role=""img"" class=""md hydrated"" aria-label=""enter outline""></ion-icon>",2018
94,"FCOS 
(ResNeXt-101-64x4d-FPN)",43.2,62.8,46.6,26.5,46.2,53.3,"<ion-icon name=""close"" role=""img"" class=""md hydrated"" aria-label=""close""></ion-icon>",FCOS: Fully Convolutional One-Stage Object Detection,"<ion-icon name=""logo-github"" role=""img"" class=""md hydrated"" aria-label=""logo github""></ion-icon>","<ion-icon name=""enter-outline"" role=""img"" class=""md hydrated"" aria-label=""enter outline""></ion-icon>",2019
95,"CornerNet-Saccade 
(Hourglass-104, multi-scale)",43.2,,,24.4,44.6,57.3,"<ion-icon name=""close"" role=""img"" class=""md hydrated"" aria-label=""close""></ion-icon>",CornerNet-Lite: Efficient Keypoint Based Object Detection,"<ion-icon name=""logo-github"" role=""img"" class=""md hydrated"" aria-label=""logo github""></ion-icon>","<ion-icon name=""enter-outline"" role=""img"" class=""md hydrated"" aria-label=""enter outline""></ion-icon>",2019
96,"Libra R-CNN 
(ResNeXt-101-FPN)",43.0,64,47,25.3,45.6,54.6,"<ion-icon name=""close"" role=""img"" class=""md hydrated"" aria-label=""close""></ion-icon>",Libra R-CNN: Towards Balanced Learning for Object Detection,"<ion-icon name=""logo-github"" role=""img"" class=""md hydrated"" aria-label=""logo github""></ion-icon>","<ion-icon name=""enter-outline"" role=""img"" class=""md hydrated"" aria-label=""enter outline""></ion-icon>",2019
97,"RPDet 
(ResNet-101-DCN)",42.8,65.0,46.3,24.9,46.2,54.7,"<ion-icon name=""close"" role=""img"" class=""md hydrated"" aria-label=""close""></ion-icon>",RepPoints: Point Set Representation for Object Detection,"<ion-icon name=""logo-github"" role=""img"" class=""md hydrated"" aria-label=""logo github""></ion-icon>","<ion-icon name=""enter-outline"" role=""img"" class=""md hydrated"" aria-label=""enter outline""></ion-icon>",2019
98,"Cascade R-CNN 
(ResNet-101-FPN+, cascade)",42.8,62.1,46.3,23.7,45.5,55.2,"<ion-icon name=""close"" role=""img"" class=""md hydrated"" aria-label=""close""></ion-icon>",Cascade R-CNN: Delving into High Quality Object Detection,"<ion-icon name=""logo-github"" role=""img"" class=""md hydrated"" aria-label=""logo github""></ion-icon>","<ion-icon name=""enter-outline"" role=""img"" class=""md hydrated"" aria-label=""enter outline""></ion-icon>",2017
99,Cascade R-CNN,42.8,62.1,46.3,23.7,45.5,55.2,"<ion-icon name=""close"" role=""img"" class=""md hydrated"" aria-label=""close""></ion-icon>",Cascade R-CNN: High Quality Object Detection and Instance Segmentation,"<ion-icon name=""logo-github"" role=""img"" class=""md hydrated"" aria-label=""logo github""></ion-icon>","<ion-icon name=""enter-outline"" role=""img"" class=""md hydrated"" aria-label=""enter outline""></ion-icon>",2019
100,"TridentNet 
(ResNet-101)",42.7,63.6,46.5,23.9,46.6,56.6,"<ion-icon name=""close"" role=""img"" class=""md hydrated"" aria-label=""close""></ion-icon>",Scale-Aware Trident Networks for Object Detection,"<ion-icon name=""logo-github"" role=""img"" class=""md hydrated"" aria-label=""logo github""></ion-icon>","<ion-icon name=""enter-outline"" role=""img"" class=""md hydrated"" aria-label=""enter outline""></ion-icon>",2019
101,"FCOS 
(ResNeXt-32x8d-101-FPN)",42.7,62.2,46.1,26.0,45.6,52.6,"<ion-icon name=""close"" role=""img"" class=""md hydrated"" aria-label=""close""></ion-icon>",FCOS: Fully Convolutional One-Stage Object Detection,"<ion-icon name=""logo-github"" role=""img"" class=""md hydrated"" aria-label=""logo github""></ion-icon>","<ion-icon name=""enter-outline"" role=""img"" class=""md hydrated"" aria-label=""enter outline""></ion-icon>",2019
102,"RetinaMask 
(ResNeXt-101-FPN-GN)",42.6,62.5,46.0,24.8,45.6,53.8,"<ion-icon name=""close"" role=""img"" class=""md hydrated"" aria-label=""close""></ion-icon>",RetinaMask: Learning to predict masks improves state-of-the-art single-shot detection for free,"<ion-icon name=""logo-github"" role=""img"" class=""md hydrated"" aria-label=""logo github""></ion-icon>","<ion-icon name=""enter-outline"" role=""img"" class=""md hydrated"" aria-label=""enter outline""></ion-icon>",2019
103,"Faster R-CNN 
(HRNetV2p-W48)",42.4,63.6,46.4,24.9,44.6,53.0,"<ion-icon name=""close"" role=""img"" class=""md hydrated"" aria-label=""close""></ion-icon>",Deep High-Resolution Representation Learning for Visual Recognition,"<ion-icon name=""logo-github"" role=""img"" class=""md hydrated"" aria-label=""logo github""></ion-icon>","<ion-icon name=""enter-outline"" role=""img"" class=""md hydrated"" aria-label=""enter outline""></ion-icon>",2019
104,"HSD 
(Rest101, 768x768, single-scale test)",42.3,61.2,46.9,22.8,47.3,55.9,"<ion-icon name=""close"" role=""img"" class=""md hydrated"" aria-label=""close""></ion-icon>",Hierarchical Shot Detector,"<ion-icon name=""logo-github"" role=""img"" class=""md hydrated"" aria-label=""logo github""></ion-icon>","<ion-icon name=""enter-outline"" role=""img"" class=""md hydrated"" aria-label=""enter outline""></ion-icon>",2019
105,"CornerNet511 
(Hourglass-104, multi-scale)",42.1,57.8,45.3,20.8,44.8,56.7,"<ion-icon name=""close"" role=""img"" class=""md hydrated"" aria-label=""close""></ion-icon>",CornerNet: Detecting Objects as Paired Keypoints,"<ion-icon name=""logo-github"" role=""img"" class=""md hydrated"" aria-label=""logo github""></ion-icon>","<ion-icon name=""enter-outline"" role=""img"" class=""md hydrated"" aria-label=""enter outline""></ion-icon>",2018
106,"FoveaBox 
(ResNeXt-101)",42.1,,,,,,"<ion-icon name=""close"" role=""img"" class=""md hydrated"" aria-label=""close""></ion-icon>",FoveaBox: Beyond Anchor-based Object Detector,"<ion-icon name=""logo-github"" role=""img"" class=""md hydrated"" aria-label=""logo github""></ion-icon>","<ion-icon name=""enter-outline"" role=""img"" class=""md hydrated"" aria-label=""enter outline""></ion-icon>",2019
107,"FCOS 
(HRNet-W32-5l)",42.0,60.4,45.3,25.4,45.0,51.0,"<ion-icon name=""close"" role=""img"" class=""md hydrated"" aria-label=""close""></ion-icon>",FCOS: Fully Convolutional One-Stage Object Detection,"<ion-icon name=""logo-github"" role=""img"" class=""md hydrated"" aria-label=""logo github""></ion-icon>","<ion-icon name=""enter-outline"" role=""img"" class=""md hydrated"" aria-label=""enter outline""></ion-icon>",2019
108,"RefineDet512+ 
(ResNet-101)",41.8,62.9,45.7,25.6,45.1,54.1,"<ion-icon name=""close"" role=""img"" class=""md hydrated"" aria-label=""close""></ion-icon>",Single-Shot Refinement Neural Network for Object Detection,"<ion-icon name=""logo-github"" role=""img"" class=""md hydrated"" aria-label=""logo github""></ion-icon>","<ion-icon name=""enter-outline"" role=""img"" class=""md hydrated"" aria-label=""enter outline""></ion-icon>",2017
109,"GHM-C + GHM-R 
(RetinaNet-FPN-ResNeXt-101)",41.6,62.8,44.2,22.3,45.1,55.3,"<ion-icon name=""close"" role=""img"" class=""md hydrated"" aria-label=""close""></ion-icon>",Gradient Harmonized Single-stage Detector,"<ion-icon name=""logo-github"" role=""img"" class=""md hydrated"" aria-label=""logo github""></ion-icon>","<ion-icon name=""enter-outline"" role=""img"" class=""md hydrated"" aria-label=""enter outline""></ion-icon>",2018
110,"CenterNet-DLA 
(DLA-34, multi-scale)",41.6,,,21.5,43.9,56.0,"<ion-icon name=""close"" role=""img"" class=""md hydrated"" aria-label=""close""></ion-icon>",Objects as Points,"<ion-icon name=""logo-github"" role=""img"" class=""md hydrated"" aria-label=""logo github""></ion-icon>","<ion-icon name=""enter-outline"" role=""img"" class=""md hydrated"" aria-label=""enter outline""></ion-icon>",2019
111,"RetinaNet 
(SpineNet-49S, 640x640)",41.5,60.5,44.6,23.3,45,58,"<ion-icon name=""close"" role=""img"" class=""md hydrated"" aria-label=""close""></ion-icon>",SpineNet: Learning Scale-Permuted Backbone for Recognition and Localization,"<ion-icon name=""logo-github"" role=""img"" class=""md hydrated"" aria-label=""logo github""></ion-icon>","<ion-icon name=""enter-outline"" role=""img"" class=""md hydrated"" aria-label=""enter outline""></ion-icon>",2019
112,"RPDet 
(ResNet-101)",41,62.9,44.3,23.6,44.1,51.7,"<ion-icon name=""close"" role=""img"" class=""md hydrated"" aria-label=""close""></ion-icon>",RepPoints: Point Set Representation for Object Detection,"<ion-icon name=""logo-github"" role=""img"" class=""md hydrated"" aria-label=""logo github""></ion-icon>","<ion-icon name=""enter-outline"" role=""img"" class=""md hydrated"" aria-label=""enter outline""></ion-icon>",2019
113,"M2Det 
(VGG-16, single-scale)",41.0,59.7,45,22.1,46.5,53.8,"<ion-icon name=""close"" role=""img"" class=""md hydrated"" aria-label=""close""></ion-icon>",M2Det: A Single-Shot Object Detector based on Multi-Level Feature Pyramid Network,"<ion-icon name=""logo-github"" role=""img"" class=""md hydrated"" aria-label=""logo github""></ion-icon>","<ion-icon name=""enter-outline"" role=""img"" class=""md hydrated"" aria-label=""enter outline""></ion-icon>",2018
114,"FSAF 
(ResNet-101, single-scale)",40.9,61.5,44,24,44.2,51.3,"<ion-icon name=""close"" role=""img"" class=""md hydrated"" aria-label=""close""></ion-icon>",Feature Selective Anchor-Free Module for Single-Shot Object Detection,"<ion-icon name=""logo-github"" role=""img"" class=""md hydrated"" aria-label=""logo github""></ion-icon>","<ion-icon name=""enter-outline"" role=""img"" class=""md hydrated"" aria-label=""enter outline""></ion-icon>",2019
115,"RetinaNet 
(ResNeXt-101-FPN)",40.8,61.1,44.1,24.1,44.2,51.2,"<ion-icon name=""close"" role=""img"" class=""md hydrated"" aria-label=""close""></ion-icon>",Focal Loss for Dense Object Detection,"<ion-icon name=""logo-github"" role=""img"" class=""md hydrated"" aria-label=""logo github""></ion-icon>","<ion-icon name=""enter-outline"" role=""img"" class=""md hydrated"" aria-label=""enter outline""></ion-icon>",2017
116,"Cascade R-CNN 
(ResNet-50-FPN+, cascade)",40.6,59.9,44,22.6,42.7,52.1,"<ion-icon name=""close"" role=""img"" class=""md hydrated"" aria-label=""close""></ion-icon>",Cascade R-CNN: Delving into High Quality Object Detection,"<ion-icon name=""logo-github"" role=""img"" class=""md hydrated"" aria-label=""logo github""></ion-icon>","<ion-icon name=""enter-outline"" role=""img"" class=""md hydrated"" aria-label=""enter outline""></ion-icon>",2017
117,"Faster R-CNN 
(Cascade RPN)",40.6,58.9,44.5,22.0,42.8,52.6,"<ion-icon name=""close"" role=""img"" class=""md hydrated"" aria-label=""close""></ion-icon>",Cascade RPN: Delving into High-Quality Region Proposal Network with Adaptive Convolution,"<ion-icon name=""logo-github"" role=""img"" class=""md hydrated"" aria-label=""logo github""></ion-icon>","<ion-icon name=""enter-outline"" role=""img"" class=""md hydrated"" aria-label=""enter outline""></ion-icon>",2019
118,"ResNet-50-DW-DPN 
(Deformable Kernels)",40.6,,,24.6,43.9,53.3,"<ion-icon name=""close"" role=""img"" class=""md hydrated"" aria-label=""close""></ion-icon>",Deformable Kernels: Adapting Effective Receptive Fields for Object Deformation,"<ion-icon name=""logo-github"" role=""img"" class=""md hydrated"" aria-label=""logo github""></ion-icon>","<ion-icon name=""enter-outline"" role=""img"" class=""md hydrated"" aria-label=""enter outline""></ion-icon>",2019
119,IoU-Net,40.6,,,,,,"<ion-icon name=""close"" role=""img"" class=""md hydrated"" aria-label=""close""></ion-icon>",Acquisition of Localization Confidence for Accurate Object Detection,"<ion-icon name=""logo-github"" role=""img"" class=""md hydrated"" aria-label=""logo github""></ion-icon>","<ion-icon name=""enter-outline"" role=""img"" class=""md hydrated"" aria-label=""enter outline""></ion-icon>",2018
120,"FCOS 
(HRNetV2p-W48)",40.5,59.3,43.3,23.4,42.6,51.0,"<ion-icon name=""close"" role=""img"" class=""md hydrated"" aria-label=""close""></ion-icon>",Deep High-Resolution Representation Learning for Visual Recognition,"<ion-icon name=""logo-github"" role=""img"" class=""md hydrated"" aria-label=""logo github""></ion-icon>","<ion-icon name=""enter-outline"" role=""img"" class=""md hydrated"" aria-label=""enter outline""></ion-icon>",2019
121,ResNet-50-FPN Mask R-CNN + KL Loss + var voting + soft-NMS,40.4,,,,,,"<ion-icon name=""close"" role=""img"" class=""md hydrated"" aria-label=""close""></ion-icon>",Bounding Box Regression with Uncertainty for Accurate Object Detection,"<ion-icon name=""logo-github"" role=""img"" class=""md hydrated"" aria-label=""logo github""></ion-icon>","<ion-icon name=""enter-outline"" role=""img"" class=""md hydrated"" aria-label=""enter outline""></ion-icon>",2018
122,"RDSNet 
(ResNet-101, RetinaNet, mask, MBRM)",40.3,60.1,43,22.1,43.5,51.5,"<ion-icon name=""close"" role=""img"" class=""md hydrated"" aria-label=""close""></ion-icon>",RDSNet: A New Deep Architecture for Reciprocal Object Detection and Instance Segmentation,"<ion-icon name=""logo-github"" role=""img"" class=""md hydrated"" aria-label=""logo github""></ion-icon>","<ion-icon name=""enter-outline"" role=""img"" class=""md hydrated"" aria-label=""enter outline""></ion-icon>",2019
123,"ExtremeNet 
(Hourglass-104, single-scale)",40.2,55.5,43.2,20.4,43.2,53.1,"<ion-icon name=""close"" role=""img"" class=""md hydrated"" aria-label=""close""></ion-icon>",Bottom-up Object Detection by Grouping Extreme and Center Points,"<ion-icon name=""logo-github"" role=""img"" class=""md hydrated"" aria-label=""logo github""></ion-icon>","<ion-icon name=""enter-outline"" role=""img"" class=""md hydrated"" aria-label=""enter outline""></ion-icon>",2019
124,"Mask R-CNN 
(ResNet-101-FPN, CBN)",40.1,60.5,44.1,35.8,57.3,38.5,"<ion-icon name=""close"" role=""img"" class=""md hydrated"" aria-label=""close""></ion-icon>",Cross-Iteration Batch Normalization,"<ion-icon name=""logo-github"" role=""img"" class=""md hydrated"" aria-label=""logo github""></ion-icon>","<ion-icon name=""enter-outline"" role=""img"" class=""md hydrated"" aria-label=""enter outline""></ion-icon>",2020
125,"Fast R-CNN 
(Cascade RPN)",40.1,59.4,43.8,22.1,42.4,51.6,"<ion-icon name=""close"" role=""img"" class=""md hydrated"" aria-label=""close""></ion-icon>",Cascade RPN: Delving into High-Quality Region Proposal Network with Adaptive Convolution,"<ion-icon name=""logo-github"" role=""img"" class=""md hydrated"" aria-label=""logo github""></ion-icon>","<ion-icon name=""enter-outline"" role=""img"" class=""md hydrated"" aria-label=""enter outline""></ion-icon>",2019
126,"Mask R-CNN 
(ResNeXt-101-FPN)",39.8,62.3,43.4,22.1,43.2,51.2,"<ion-icon name=""close"" role=""img"" class=""md hydrated"" aria-label=""close""></ion-icon>",Mask R-CNN,"<ion-icon name=""logo-github"" role=""img"" class=""md hydrated"" aria-label=""logo github""></ion-icon>","<ion-icon name=""enter-outline"" role=""img"" class=""md hydrated"" aria-label=""enter outline""></ion-icon>",2017
127,GA-Faster-RCNN,39.8,59.2,43.5,21.8,42.6,50.7,"<ion-icon name=""close"" role=""img"" class=""md hydrated"" aria-label=""close""></ion-icon>",Region Proposal by Guided Anchoring,"<ion-icon name=""logo-github"" role=""img"" class=""md hydrated"" aria-label=""logo github""></ion-icon>","<ion-icon name=""enter-outline"" role=""img"" class=""md hydrated"" aria-label=""enter outline""></ion-icon>",2019
128,"FPN 
(ResNet101 backbone)",39.5,,,,,,"<ion-icon name=""close"" role=""img"" class=""md hydrated"" aria-label=""close""></ion-icon>",ChainerCV: a Library for Deep Learning in Computer Vision,"<ion-icon name=""logo-github"" role=""img"" class=""md hydrated"" aria-label=""logo github""></ion-icon>","<ion-icon name=""enter-outline"" role=""img"" class=""md hydrated"" aria-label=""enter outline""></ion-icon>",2017
129,"RetinaMask 
(ResNet-50-FPN)",39.4,58.6,42.3,21.9,42.0,51.0,"<ion-icon name=""close"" role=""img"" class=""md hydrated"" aria-label=""close""></ion-icon>",RetinaMask: Learning to predict masks improves state-of-the-art single-shot detection for free,"<ion-icon name=""logo-github"" role=""img"" class=""md hydrated"" aria-label=""logo github""></ion-icon>","<ion-icon name=""enter-outline"" role=""img"" class=""md hydrated"" aria-label=""enter outline""></ion-icon>",2019
130,"PP-YOLO 
(320x320)",39.3,59.3,42.7,16.7,41.4,57.8,"<ion-icon name=""close"" role=""img"" class=""md hydrated"" aria-label=""close""></ion-icon>",PP-YOLO: An Effective and Efficient Implementation of Object Detector,"<ion-icon name=""logo-github"" role=""img"" class=""md hydrated"" aria-label=""logo github""></ion-icon>","<ion-icon name=""enter-outline"" role=""img"" class=""md hydrated"" aria-label=""enter outline""></ion-icon>",2020
131,AA-ResNet-10 + RetinaNet,39.2,,,,,,"<ion-icon name=""close"" role=""img"" class=""md hydrated"" aria-label=""close""></ion-icon>",Attention Augmented Convolutional Networks,"<ion-icon name=""logo-github"" role=""img"" class=""md hydrated"" aria-label=""logo github""></ion-icon>","<ion-icon name=""enter-outline"" role=""img"" class=""md hydrated"" aria-label=""enter outline""></ion-icon>",2019
132,"MAL 
(ResNet50, single-scale)",39.2,,,,,,"<ion-icon name=""close"" role=""img"" class=""md hydrated"" aria-label=""close""></ion-icon>",Multiple Anchor Learning for Visual Object Detection,"<ion-icon name=""logo-github"" role=""img"" class=""md hydrated"" aria-label=""logo github""></ion-icon>","<ion-icon name=""enter-outline"" role=""img"" class=""md hydrated"" aria-label=""enter outline""></ion-icon>",2019
133,"RetinaNet 
(ResNet-101-FPN)",39.1,59.1,42.3,21.8,42.7,50.2,"<ion-icon name=""close"" role=""img"" class=""md hydrated"" aria-label=""close""></ion-icon>",Focal Loss for Dense Object Detection,"<ion-icon name=""logo-github"" role=""img"" class=""md hydrated"" aria-label=""logo github""></ion-icon>","<ion-icon name=""enter-outline"" role=""img"" class=""md hydrated"" aria-label=""enter outline""></ion-icon>",2017
134,"Cascade R-CNN 
(ResNet-101-FPN+)",38.8,61.1,41.9,21.3,41.8,49.8,"<ion-icon name=""close"" role=""img"" class=""md hydrated"" aria-label=""close""></ion-icon>",Cascade R-CNN: Delving into High Quality Object Detection,"<ion-icon name=""logo-github"" role=""img"" class=""md hydrated"" aria-label=""logo github""></ion-icon>","<ion-icon name=""enter-outline"" role=""img"" class=""md hydrated"" aria-label=""enter outline""></ion-icon>",2017
135,"M2Det 
(ResNet-101, single-scale)",38.8,59.4,41.7,20.5,43.9,53.4,"<ion-icon name=""close"" role=""img"" class=""md hydrated"" aria-label=""close""></ion-icon>",M2Det: A Single-Shot Object Detector based on Multi-Level Feature Pyramid Network,"<ion-icon name=""logo-github"" role=""img"" class=""md hydrated"" aria-label=""logo github""></ion-icon>","<ion-icon name=""enter-outline"" role=""img"" class=""md hydrated"" aria-label=""enter outline""></ion-icon>",2018
136,"SaccadeNet 
(DLA-34-DCN)",38.5,55.6,41.4,19.2,42.1,50.6,"<ion-icon name=""close"" role=""img"" class=""md hydrated"" aria-label=""close""></ion-icon>",SaccadeNet: A Fast and Accurate Object Detector,"<ion-icon name=""logo-github"" role=""img"" class=""md hydrated"" aria-label=""logo github""></ion-icon>","<ion-icon name=""enter-outline"" role=""img"" class=""md hydrated"" aria-label=""enter outline""></ion-icon>",2020
137,"Mask R-CNN 
(ResNet-101-FPN)",38.2,60.3,41.7,20.1,41.1,50.2,"<ion-icon name=""close"" role=""img"" class=""md hydrated"" aria-label=""close""></ion-icon>",Mask R-CNN,"<ion-icon name=""logo-github"" role=""img"" class=""md hydrated"" aria-label=""logo github""></ion-icon>","<ion-icon name=""enter-outline"" role=""img"" class=""md hydrated"" aria-label=""enter outline""></ion-icon>",2017
138,WSMA-Seg,38.1,,,,,,"<ion-icon name=""close"" role=""img"" class=""md hydrated"" aria-label=""close""></ion-icon>",Segmentation is All You Need,,"<ion-icon name=""enter-outline"" role=""img"" class=""md hydrated"" aria-label=""enter outline""></ion-icon>",2019
139,Faster R-CNN + FPN + CGD,37.9,,,,,,"<ion-icon name=""close"" role=""img"" class=""md hydrated"" aria-label=""close""></ion-icon>",Compact Global Descriptor for Neural Networks,"<ion-icon name=""logo-github"" role=""img"" class=""md hydrated"" aria-label=""logo github""></ion-icon>","<ion-icon name=""enter-outline"" role=""img"" class=""md hydrated"" aria-label=""enter outline""></ion-icon>",2019
140,"CornerNet511 
(Hourglass-52, single-scale)",37.8,53.7,40.1,17.0,39.0,50.5,"<ion-icon name=""close"" role=""img"" class=""md hydrated"" aria-label=""close""></ion-icon>",CornerNet: Detecting Objects as Paired Keypoints,"<ion-icon name=""logo-github"" role=""img"" class=""md hydrated"" aria-label=""logo github""></ion-icon>","<ion-icon name=""enter-outline"" role=""img"" class=""md hydrated"" aria-label=""enter outline""></ion-icon>",2018
141,"RefineDet512+ 
(VGG-16)",37.6,58.7,40.8,22.7,40.3,48.3,"<ion-icon name=""close"" role=""img"" class=""md hydrated"" aria-label=""close""></ion-icon>",Single-Shot Refinement Neural Network for Object Detection,"<ion-icon name=""logo-github"" role=""img"" class=""md hydrated"" aria-label=""logo github""></ion-icon>","<ion-icon name=""enter-outline"" role=""img"" class=""md hydrated"" aria-label=""enter outline""></ion-icon>",2017
142,"DeformConv-R-FCN 
(Aligned-Inception-ResNet)",37.5,58.0,,19.4,40.1,52.5,"<ion-icon name=""close"" role=""img"" class=""md hydrated"" aria-label=""close""></ion-icon>",Deformable Convolutional Networks,"<ion-icon name=""logo-github"" role=""img"" class=""md hydrated"" aria-label=""logo github""></ion-icon>","<ion-icon name=""enter-outline"" role=""img"" class=""md hydrated"" aria-label=""enter outline""></ion-icon>",2017
143,"Faster R-CNN 
(ImageNet+300M)",37.4,58,40.1,17.5,41.1,51.2,"<ion-icon name=""close"" role=""img"" class=""md hydrated"" aria-label=""close""></ion-icon>",Revisiting Unreasonable Effectiveness of Data in Deep Learning Era,"<ion-icon name=""logo-github"" role=""img"" class=""md hydrated"" aria-label=""logo github""></ion-icon>","<ion-icon name=""enter-outline"" role=""img"" class=""md hydrated"" aria-label=""enter outline""></ion-icon>",2017
144,"Mask R-CNN 
(Bottleneck-injected ResNet-50, FPN)",36.9,,,,,,"<ion-icon name=""close"" role=""img"" class=""md hydrated"" aria-label=""close""></ion-icon>","torchdistill: A Modular, Configuration-Driven Framework for Knowledge Distillation","<ion-icon name=""logo-github"" role=""img"" class=""md hydrated"" aria-label=""logo github""></ion-icon>","<ion-icon name=""enter-outline"" role=""img"" class=""md hydrated"" aria-label=""enter outline""></ion-icon>",2020
145,Faster R-CNN + TDM,36.8,,,,,,"<ion-icon name=""close"" role=""img"" class=""md hydrated"" aria-label=""close""></ion-icon>",Beyond Skip Connections: Top-Down Modulation for Object Detection,"<ion-icon name=""logo-github"" role=""img"" class=""md hydrated"" aria-label=""logo github""></ion-icon>","<ion-icon name=""enter-outline"" role=""img"" class=""md hydrated"" aria-label=""enter outline""></ion-icon>",2016
146,"Cascade R-CNN 
(ResNet-50-FPN+)",36.5,59,39.2,20.3,38.8,46.4,"<ion-icon name=""close"" role=""img"" class=""md hydrated"" aria-label=""close""></ion-icon>",Cascade R-CNN: Delving into High Quality Object Detection,"<ion-icon name=""logo-github"" role=""img"" class=""md hydrated"" aria-label=""logo github""></ion-icon>","<ion-icon name=""enter-outline"" role=""img"" class=""md hydrated"" aria-label=""enter outline""></ion-icon>",2017
147,"RefineDet512 
(ResNet-101)",36.4,57.5,39.5,16.6,39.9,51.4,"<ion-icon name=""close"" role=""img"" class=""md hydrated"" aria-label=""close""></ion-icon>",Single-Shot Refinement Neural Network for Object Detection,"<ion-icon name=""logo-github"" role=""img"" class=""md hydrated"" aria-label=""logo github""></ion-icon>","<ion-icon name=""enter-outline"" role=""img"" class=""md hydrated"" aria-label=""enter outline""></ion-icon>",2017
148,Faster R-CNN + FPN,36.2,,,,,,"<ion-icon name=""close"" role=""img"" class=""md hydrated"" aria-label=""close""></ion-icon>",Feature Pyramid Networks for Object Detection,"<ion-icon name=""logo-github"" role=""img"" class=""md hydrated"" aria-label=""logo github""></ion-icon>","<ion-icon name=""enter-outline"" role=""img"" class=""md hydrated"" aria-label=""enter outline""></ion-icon>",2016
149,"Faster R-CNN 
(Bottleneck-injected ResNet-50 and FPN)",35.9,,,,,,"<ion-icon name=""close"" role=""img"" class=""md hydrated"" aria-label=""close""></ion-icon>","torchdistill: A Modular, Configuration-Driven Framework for Knowledge Distillation","<ion-icon name=""logo-github"" role=""img"" class=""md hydrated"" aria-label=""logo github""></ion-icon>","<ion-icon name=""enter-outline"" role=""img"" class=""md hydrated"" aria-label=""enter outline""></ion-icon>",2020
150,"Faster R-CNN 
(box refinement, context, multi-scale testing)",34.9,,,,,,"<ion-icon name=""close"" role=""img"" class=""md hydrated"" aria-label=""close""></ion-icon>",Deep Residual Learning for Image Recognition,"<ion-icon name=""logo-github"" role=""img"" class=""md hydrated"" aria-label=""logo github""></ion-icon>","<ion-icon name=""enter-outline"" role=""img"" class=""md hydrated"" aria-label=""enter outline""></ion-icon>",2015
151,Faster R-CNN,34.7,,,,,,"<ion-icon name=""close"" role=""img"" class=""md hydrated"" aria-label=""close""></ion-icon>",Speed/accuracy trade-offs for modern convolutional object detectors,"<ion-icon name=""logo-github"" role=""img"" class=""md hydrated"" aria-label=""logo github""></ion-icon>","<ion-icon name=""enter-outline"" role=""img"" class=""md hydrated"" aria-label=""enter outline""></ion-icon>",2016
152,CornerNet-Squeeze,34.4,,,,,,"<ion-icon name=""close"" role=""img"" class=""md hydrated"" aria-label=""close""></ion-icon>",CornerNet-Lite: Efficient Keypoint Based Object Detection,"<ion-icon name=""logo-github"" role=""img"" class=""md hydrated"" aria-label=""logo github""></ion-icon>","<ion-icon name=""enter-outline"" role=""img"" class=""md hydrated"" aria-label=""enter outline""></ion-icon>",2019
153,MultiPath Network,33.2,,,,,,"<ion-icon name=""close"" role=""img"" class=""md hydrated"" aria-label=""close""></ion-icon>",A MultiPath Network for Object Detection,"<ion-icon name=""logo-github"" role=""img"" class=""md hydrated"" aria-label=""logo github""></ion-icon>","<ion-icon name=""enter-outline"" role=""img"" class=""md hydrated"" aria-label=""enter outline""></ion-icon>",2016
154,"RefineDet512 
(VGG-16)",33,54.5,35.5,16.3,36.3,44.3,"<ion-icon name=""close"" role=""img"" class=""md hydrated"" aria-label=""close""></ion-icon>",Single-Shot Refinement Neural Network for Object Detection,"<ion-icon name=""logo-github"" role=""img"" class=""md hydrated"" aria-label=""logo github""></ion-icon>","<ion-icon name=""enter-outline"" role=""img"" class=""md hydrated"" aria-label=""enter outline""></ion-icon>",2017
155,YOLOv3 + Darknet-53,33.0,,,,,,"<ion-icon name=""close"" role=""img"" class=""md hydrated"" aria-label=""close""></ion-icon>",YOLOv3: An Incremental Improvement,"<ion-icon name=""logo-github"" role=""img"" class=""md hydrated"" aria-label=""logo github""></ion-icon>","<ion-icon name=""enter-outline"" role=""img"" class=""md hydrated"" aria-label=""enter outline""></ion-icon>",2018
156,SSD512,28.8,48.5,30.3,,,,"<ion-icon name=""close"" role=""img"" class=""md hydrated"" aria-label=""close""></ion-icon>",SSD: Single Shot MultiBox Detector,"<ion-icon name=""logo-github"" role=""img"" class=""md hydrated"" aria-label=""logo github""></ion-icon>","<ion-icon name=""enter-outline"" role=""img"" class=""md hydrated"" aria-label=""enter outline""></ion-icon>",2015
157,"MnasFPN 
(MobileNetV2)",26.1,,,,,,"<ion-icon name=""close"" role=""img"" class=""md hydrated"" aria-label=""close""></ion-icon>",MnasFPN: Learning Latency-aware Pyramid Architecture for Object Detection on Mobile Devices,"<ion-icon name=""logo-github"" role=""img"" class=""md hydrated"" aria-label=""logo github""></ion-icon>","<ion-icon name=""enter-outline"" role=""img"" class=""md hydrated"" aria-label=""enter outline""></ion-icon>",2019
158,ESPNetv2-512,26.0,,,,,,"<ion-icon name=""close"" role=""img"" class=""md hydrated"" aria-label=""close""></ion-icon>","ESPNetv2: A Light-weight, Power Efficient, and General Purpose Convolutional Neural Network","<ion-icon name=""logo-github"" role=""img"" class=""md hydrated"" aria-label=""logo github""></ion-icon>","<ion-icon name=""enter-outline"" role=""img"" class=""md hydrated"" aria-label=""enter outline""></ion-icon>",2018
159,"MnasFPN 
(MobileNetV3)",25.5,,,,,,"<ion-icon name=""close"" role=""img"" class=""md hydrated"" aria-label=""close""></ion-icon>",MnasFPN: Learning Latency-aware Pyramid Architecture for Object Detection on Mobile Devices,"<ion-icon name=""logo-github"" role=""img"" class=""md hydrated"" aria-label=""logo github""></ion-icon>","<ion-icon name=""enter-outline"" role=""img"" class=""md hydrated"" aria-label=""enter outline""></ion-icon>",2019
160,"MnasFPN 
(MNASNet-B1)",24.6,,,,,,"<ion-icon name=""close"" role=""img"" class=""md hydrated"" aria-label=""close""></ion-icon>",MnasFPN: Learning Latency-aware Pyramid Architecture for Object Detection on Mobile Devices,"<ion-icon name=""logo-github"" role=""img"" class=""md hydrated"" aria-label=""logo github""></ion-icon>","<ion-icon name=""enter-outline"" role=""img"" class=""md hydrated"" aria-label=""enter outline""></ion-icon>",2019
161,"MnasFPN x0.7 
(MobileNetV2)",23.8,,,,,,"<ion-icon name=""close"" role=""img"" class=""md hydrated"" aria-label=""close""></ion-icon>",MnasFPN: Learning Latency-aware Pyramid Architecture for Object Detection on Mobile Devices,"<ion-icon name=""logo-github"" role=""img"" class=""md hydrated"" aria-label=""logo github""></ion-icon>","<ion-icon name=""enter-outline"" role=""img"" class=""md hydrated"" aria-label=""enter outline""></ion-icon>",2019
162,YOLO v2 + Darknet-19,21.6,,,,,,"<ion-icon name=""close"" role=""img"" class=""md hydrated"" aria-label=""close""></ion-icon>","YOLO9000: Better, Faster, Stronger","<ion-icon name=""logo-github"" role=""img"" class=""md hydrated"" aria-label=""logo github""></ion-icon>","<ion-icon name=""enter-outline"" role=""img"" class=""md hydrated"" aria-label=""enter outline""></ion-icon>",2016
163,MobielNet-v1-SSD-300x300+CGD,21.4,,,,,,"<ion-icon name=""close"" role=""img"" class=""md hydrated"" aria-label=""close""></ion-icon>",Compact Global Descriptor for Neural Networks,"<ion-icon name=""logo-github"" role=""img"" class=""md hydrated"" aria-label=""logo github""></ion-icon>","<ion-icon name=""enter-outline"" role=""img"" class=""md hydrated"" aria-label=""enter outline""></ion-icon>",2019
164,MobileNet,19.3,,,,,,"<ion-icon name=""close"" role=""img"" class=""md hydrated"" aria-label=""close""></ion-icon>",MobileNets: Efficient Convolutional Neural Networks for Mobile Vision Applications,"<ion-icon name=""logo-github"" role=""img"" class=""md hydrated"" aria-label=""logo github""></ion-icon>","<ion-icon name=""enter-outline"" role=""img"" class=""md hydrated"" aria-label=""enter outline""></ion-icon>",2017
165,"CenterMask-VoVNet99 
(multi-scale)",,68.3,53.2,32.4,,60.0,"<ion-icon name=""close"" role=""img"" class=""md hydrated"" aria-label=""close""></ion-icon>",CenterMask : Real-Time Anchor-Free Instance Segmentation,"<ion-icon name=""logo-github"" role=""img"" class=""md hydrated"" aria-label=""logo github""></ion-icon>","<ion-icon name=""enter-outline"" role=""img"" class=""md hydrated"" aria-label=""enter outline""></ion-icon>",2019
166,"FoveaBox 
(ResNeXt-101)",,61.9,45.2,,46.8,,"<ion-icon name=""close"" role=""img"" class=""md hydrated"" aria-label=""close""></ion-icon>",FoveaBox: Beyond Anchor-based Object Detector,"<ion-icon name=""logo-github"" role=""img"" class=""md hydrated"" aria-label=""logo github""></ion-icon>","<ion-icon name=""enter-outline"" role=""img"" class=""md hydrated"" aria-label=""enter outline""></ion-icon>",2019
167,"VirTex Mask R-CNN 
(ResNet-50-FPN)",,61.7,44.8,,,,"<ion-icon name=""close"" role=""img"" class=""md hydrated"" aria-label=""close""></ion-icon>",VirTex: Learning Visual Representations from Textual Annotations,"<ion-icon name=""logo-github"" role=""img"" class=""md hydrated"" aria-label=""logo github""></ion-icon>","<ion-icon name=""enter-outline"" role=""img"" class=""md hydrated"" aria-label=""enter outline""></ion-icon>",2020
168,Centermask + ResNet101,,61.6,46.9,,,,"<ion-icon name=""close"" role=""img"" class=""md hydrated"" aria-label=""close""></ion-icon>",CenterMask : Real-Time Anchor-Free Instance Segmentation,"<ion-icon name=""logo-github"" role=""img"" class=""md hydrated"" aria-label=""logo github""></ion-icon>","<ion-icon name=""enter-outline"" role=""img"" class=""md hydrated"" aria-label=""enter outline""></ion-icon>",2019
169,"FoveaBox 
(ResNeXt-101)",,,,24.9,,,"<ion-icon name=""close"" role=""img"" class=""md hydrated"" aria-label=""close""></ion-icon>",FoveaBox: Beyond Anchor-based Object Detector,"<ion-icon name=""logo-github"" role=""img"" class=""md hydrated"" aria-label=""logo github""></ion-icon>","<ion-icon name=""enter-outline"" role=""img"" class=""md hydrated"" aria-label=""enter outline""></ion-icon>",2019
170,"EfficientDet-D7x 
(single-scale)",,,,,57.9,,"<ion-icon name=""checkmark"" role=""img"" class=""md hydrated"" aria-label=""checkmark""></ion-icon>",EfficientDet: Scalable and Efficient Object Detection,"<ion-icon name=""logo-github"" role=""img"" class=""md hydrated"" aria-label=""logo github""></ion-icon>","<ion-icon name=""enter-outline"" role=""img"" class=""md hydrated"" aria-label=""enter outline""></ion-icon>",2019